community_area,population,lon,lat,uninsured_pct,limited_english_pct,diabetes_pct,hypertension_pct,obesity_pct,dist_to_nearest_clinic_mi,nearest_clinic,est_adults_18_64,est_uninsured_adults,chronic_burden,z_uninsured_volume,z_distance,z_chronic_burden,z_language,priority_index
South Lawndale,71402,-87.714,41.839091,32.30626495234552,37.650306399715205,15.179846242,19.815571359,43.527834189,0.47,CommunityHealth at Enlace,44269.0,14302.0,26.17441726333333,1.0,0.03703703703703703,0.4306824787638771,0.7418976681447914,0.5714373736783658
Belmont Cragin,78151,-87.765502,41.927275,27.23985033317828,36.25591428254623,15.070946003,29.24014098,43.60875636,0.33,CommunityHealth at Onward House,48454.0,13199.0,29.306614447666664,0.9218672522490614,0.019753086419753086,0.5332514550897455,0.7144152399869702,0.5527646418421966
Chicago Lawn,55789,-87.695667,41.771849,24.30512361305008,28.066793309903662,18.973563692,37.379556665,50.835616908,2.96,CommunityHealth at Resurrection Project,34589.0,8407.0,35.72957908833333,0.5824183608415385,0.34444444444444444,0.7435820535161816,0.5530137761983716,0.5403184659930222
Austin,96753,-87.763117,41.894113,16.397924877903225,8.80441420648607,21.794625908,36.920544118,49.353446523,2.56,CommunityHealth at Onward House,59987.0,9837.0,36.022872183000004,0.6837146702557201,0.2950617283950618,0.7531864209020775,0.17336665732826487,0.5299783365340486
West Lawn,33543,-87.726927,41.769774,27.67686971600765,33.88448222327204,23.409774705,33.917857398,44.867164885,4.04,CommunityHealth at Resurrection Project,20797.0,5756.0,34.06493232933334,0.3946305872352483,0.4777777777777778,0.6890704426671523,0.6676760836207706,0.5057672651229402
Gage Park,39439,-87.696433,41.795429,30.85649861855188,38.63806446451518,29.628086439,35.165014801,46.462690562,1.69,CommunityHealth at Resurrection Project,24452.0,7545.0,37.085263934000004,0.52135722887299,0.18765432098765433,0.7879761956014983,0.7613656425538036,0.4985709912211724
Ashburn,41280,-87.708363,41.745756,18.200379313557573,14.90075745217395,14.923888452,39.442682204,51.36309709,4.87,CommunityHealth at Resurrection Project,25594.0,4658.0,35.243222581999994,0.3168520223843593,0.5802469135802469,0.727655505457984,0.29352103371357857,0.47569808749077247
Brighton Park,45141,-87.698859,41.817364,28.15425712679333,40.35297095639756,18.080115293,31.235730119,44.244234848,1.55,CommunityHealth at Resurrection Project,27987.0,7880.0,31.18669342,0.5450874831763123,0.1703703703703704,0.5948177500115848,0.7951651698748744,0.46762617137144047
West Pullman,25940,-87.635745,41.67382,12.60552223636485,3.7089431952418144,19.373197936,42.779286499,49.639178347,6.67,Chicago South Side Birth Center,16083.0,2027.0,37.263887594,0.13048098037826733,0.8024691358024691,0.7938255227273318,0.0729387258500702,0.45899211002252105
Mount Greenwood,18633,-87.713189,41.694876,6.918399714279698,0.9765909591441272,12.127831667,49.918267754,37.181379584,8.27,CommunityHealth at Resurrection Project,11552.0,799.0,33.075826334999995,0.043493660126089115,1.0,0.6566805312580006,0.019086102111150326,0.4506421805131508
Humboldt Park,53832,-87.720917,41.90008,23.91028269032804,21.887964545749757,17.887949417,35.307010609,47.693013238,1.5,CommunityHealth (Main),33376.0,7980.0,33.62932442133334,0.5521711411773039,0.16419753086419756,0.6748057413812648,0.4312336717933774,0.4482122311857716
Morgan Park,21714,-87.669062,41.689729,7.76386475861922,0.9428564633823164,16.800136731,45.979713093,46.452187374,7.32,Chicago South Side Birth Center,13463.0,1045.0,36.410679066,0.060919458808528726,0.8827160493827161,0.7658857985786787,0.018421220371789535,0.44420188009114103
Roseland,38934,-87.623366,41.706588,11.12045168524287,1.896417743820244,20.113395153,45.60474716,58.040328066,4.7,Chicago South Side Birth Center,24139.0,2684.0,41.252823459666665,0.1770206134447829,0.5592592592592593,0.9244498239103536,0.03721520167808201,0.4271975081055699
Clearing,24519,-87.768517,41.779582,18.23575998432293,24.02855169112136,16.110785818,37.865450729,39.717986423,4.83,CommunityHealth at Enlace,15202.0,2772.0,31.231407656666665,0.1832542324856556,0.5753086419753087,0.596281991632461,0.47342304715908856,0.4124929886292559
South Deering,14125,-87.570058,41.690639,18.79558358141516,12.47202649711082,27.65118764,50.004429764,51.213260654,3.9,Chicago South Side Birth Center,8758.0,1646.0,42.956292686000005,0.10349224339448891,0.46049382716049386,0.9802327406505773,0.24565255886683623,0.40015684952274283
Auburn Gresham,44959,-87.656305,41.744203,12.360559082367937,2.6168964322501838,19.402436012,45.853974578,45.10353378,4.1,Washington Park Children's Free Health Clinic,27875.0,3446.0,36.78664812333333,0.23099808741233974,0.48518518518518516,0.7781975270783289,0.05141529901814577,0.39873582583797185
Hegewisch,9884,-87.556803,41.668188,20.22705736404661,11.13021982497718,18.418021784,42.155083447,45.458878104,5.3,Chicago South Side Birth Center,6128.0,1240.0,35.343994445,0.07473259191046257,0.6333333333333333,0.7309554467522487,0.21920655059230068,0.38800478117386483
Garfield Ridge,35352,-87.764246,41.796185,16.875127273560228,20.545545429872327,20.123960709,33.056576935,38.678188906,3.74,CommunityHealth at Enlace,21918.0,3699.0,30.619575516666668,0.24891974215484877,0.4407407407407408,0.5762465364583891,0.4047755927096468,0.38751698564680426
Washington Heights,25075,-87.648897,41.717495,9.24834091397434,3.376382364871477,13.71989202,42.790210572,46.916430176,5.54,Chicago South Side Birth Center,15546.0,1438.0,34.475510922666665,0.08875823475242615,0.662962962962963,0.7025155176548171,0.0663842000346818,0.381533706324291
New City,43510,-87.659171,41.809017,28.48917073651601,31.67746802062265,18.045982329,24.538158966,35.781860889,0.58,CommunityHealth at Resurrection Project,26976.0,7685.0,26.122000728,0.5312743500743784,0.05061728395061728,0.4289660126363359,0.6241774805228499,0.37590587579448875
O'Hare,14416,-87.893699,41.975696,9.225014693201851,30.162291842275945,4.7660333837,21.933873358,32.327786112,7.03,Old Irving Park Community Clinic,8938.0,825.0,19.6758976179,0.04533541120634696,0.8469135802469137,0.2178777067656191,0.5943144886462189,0.37521522877435853
Riverdale,7229,-87.602849,41.660137,17.132737712391158,0.5128479086718224,17.636360877,27.816018835,45.815165013,6.49,Chicago South Side Birth Center,4482.0,768.0,30.42251490833333,0.04129772614578168,0.780246913580247,0.5697934609713151,0.009946072623483973,0.3655464639889982
West Elsdon,18249,-87.724213,41.792977,26.214518282093994,30.953440989757578,12.144665031,33.48025222,46.071868099,3.03,CommunityHealth at Resurrection Project,11314.0,2966.0,30.565595116666668,0.19699652900757952,0.3530864197530864,0.5744788589962693,0.6099074480011022,0.36061105412832184
West Englewood,29899,-87.666598,41.775926,19.021531616689263,12.220103870719742,22.405431084,38.666743404,47.737702919,2.38,CommunityHealth at Resurrection Project,18537.0,3526.0,36.26995913566667,0.2366650138131331,0.27283950617283953,0.7612776917598835,0.24068735188102863,0.3528421309171847
East Side,21787,-87.534907,41.707306,26.679774560259705,22.48622236626341,18.538604304,31.441791001,43.512201026,2.66,Chicago South Side Birth Center,13508.0,3604.0,31.164198777,0.24219026705390664,0.30740740740740746,0.5940811257285203,0.443024887025935,0.3522170428920825
Dunning,43120,-87.806015,41.946522,12.5778919359667,20.10364950930022,25.882972086,40.385533743,36.964782465,2.22,Old Irving Park Community Clinic,26734.0,3363.0,34.411096098,0.22511865127151662,0.2530864197530865,0.7004061477022111,0.39606615385035815,0.3456612313600106
Albany Park,48549,-87.721558,41.968078,16.120394082215647,29.562341383948667,19.044144132,24.838327881,29.571025639,2.0,IAMACF Free Health Clinic,30100.0,4852.0,24.484499217333333,0.3305943189062832,0.22592592592592595,0.3753433178324354,0.5824899127853721,0.33333316018531534
Beverly,19950,-87.675072,41.713148,5.691632527533933,0.1847185289238028,7.5354731027,36.933018042,32.994189477,6.46,Washington Park Children's Free Health Clinic,12369.0,704.0,25.82089354056667,0.036764185025146986,0.7765432098765432,0.41910575986110343,0.003478887393188689,0.3318376776845613
Portage Park,63038,-87.763401,41.954043,13.872859441013498,20.173689198744945,12.996586823,37.389612954,46.674159207,0.58,Old Irving Park Community Clinic,39084.0,5422.0,32.35345299466667,0.370971169511936,0.05061728395061728,0.6330252216837225,0.39744658386689385,0.3299233557133935
Hermosa,24127,-87.734741,41.924353,26.52017234431756,36.02436864683503,19.869913658,30.824558447,32.556876526,1.47,CommunityHealth at Onward House,14959.0,3967.0,27.750449543666672,0.2679039455975066,0.16049382716049385,0.48229226197256786,0.7098516482825007,0.3227533436099144
Chatham,31804,-87.615965,41.740206,10.237264336018,2.536941667214256,14.234696713,45.417409876,43.259257819,3.53,Chicago South Side Birth Center,19718.0,2019.0,34.303788136,0.129914287738188,0.4148148148148148,0.6968921710378404,0.04983945026016755,0.32077253877330447
Lower West Side,33716,-87.66757,41.850277,20.96242341676083,24.77880946614789,11.438964172,28.233865636,28.67572083,2.49,TAG Oral Care Center,20904.0,4382.0,22.78285021266667,0.29730112630162214,0.2864197530864198,0.3196200072606774,0.48821006807532535,0.3175913847062429
North Lawndale,34817,-87.717218,41.860197,16.14582221094032,5.469887645955246,23.260440946,39.503613189,47.402279104,1.38,CommunityHealth at Enlace,21587.0,3485.0,36.72211107966667,0.2337607140327265,0.14938271604938272,0.7760841548624619,0.10764562698696262,0.30430049409909404
West Ridge,77139,-87.695017,42.001583,12.17797087574002,24.39561659452776,11.502965998,32.895389396,35.077570304,0.3,Hayat Free Community Clinic,47826.0,5824.0,26.491975232666665,0.3994474746759226,0.01604938271604938,0.4410814395960874,0.4806576225076678,0.3008758548551681
Montclare,14412,-87.798033,41.929306,19.76785077158513,24.485822890973232,15.201223053,39.257072825,46.652645265,1.86,CommunityHealth at Onward House,8935.0,1766.0,33.703647047666664,0.11199263299567896,0.208641975308642,0.6772395586833775,0.48243552130021056,0.29108110965756073
Greater Grand Crossing,31543,-87.616139,41.763251,12.024894515135935,3.713184521839036,18.911142758,37.501428271,46.850848479,2.33,Washington Park Children's Free Health Clinic,19557.0,2352.0,34.421139836,0.1535028688814904,0.2666666666666667,0.7007350465117427,0.07302231923249598,0.2888503887781943
Pullman,6866,-87.598252,41.706131,10.275813571968849,2.233973392587732,10.562662377,38.908351108,56.35027051,3.72,Chicago South Side Birth Center,4257.0,437.0,35.27376133166667,0.017850818162499116,0.43827160493827166,0.7286555473159009,0.043868171637030086,0.28873973537336434
Irving Park,51911,-87.723457,41.953589,13.485383502174134,14.850692710837034,7.4838888764,32.58162971,29.290471157,2.1,Old Irving Park Community Clinic,32185.0,4340.0,23.1186632478,0.2943259899412056,0.23827160493827163,0.33061676040980575,0.29253429501928274,0.2845886590418532
South Shore,51919,-87.57279,41.761583,11.64283284323195,1.6112991493217936,15.900645095,40.619611612,35.944791906,1.75,Chicago South Side Birth Center,32190.0,3748.0,30.821682870999997,0.25239073457533473,0.19506172839506175,0.5828648759887309,0.03159572693114247,0.2792073602395128
Norwood Park,41069,-87.803451,41.985248,7.921483804985593,10.056848506218383,18.547609548,37.225356184,22.483415622,3.44,Old Irving Park Community Clinic,25463.0,2017.0,26.085460451333333,0.12977261457816816,0.40370370370370373,0.42776944085244234,0.19805120283090794,0.27837916539595764
Archer Heights,14282,-87.726365,41.810873,26.420270064461768,41.16642577575141,13.427178795,16.459520909,38.649054624,2.07,CommunityHealth at Enlace,8855.0,2340.0,22.845251442666665,0.15265282992137139,0.2345679012345679,0.32166343872616376,0.8111977573782476,0.27688396582197644
Armour Square,13847,-87.633976,41.842083,12.939676737871553,50.74579617576732,16.881571986,32.559281027,13.012542201,2.73,Norma Jean Sanders Free Clinic,8585.0,1111.0,20.817798404666664,0.06559467308918325,0.3160493827160494,0.2552711363204986,1.0,0.27210691131458786
Calumet Heights,13085,-87.57272,41.729673,8.043420702561134,1.7821620486624126,28.419234614,51.420035682,50.840534115,1.65,Chicago South Side Birth Center,8113.0,653.0,43.559934803666664,0.03315151944464121,0.18271604938271604,1.0,0.0349633071821692,0.27157175331088823
Edison Park,11521,-87.81378,42.007627,5.8897476760841005,5.40468967015301,11.858101951,37.894593075,23.161109521,5.02,Old Irving Park Community Clinic,7143.0,421.0,24.304601515666672,0.01671743288234044,0.5987654320987654,0.3694522701054216,0.1063606235335164,0.2708431191570017
West Garfield Park,17423,-87.730233,41.878602,16.573575999212224,3.881574599713703,24.456588726,38.521496596,40.106835175,2.27,CommunityHealth (Main),10802.0,1790.0,34.361640165666664,0.11369271091591698,0.2592592592592593,0.6987866314156745,0.07634116201760595,0.2706463046290401
Bridgeport,33593,-87.648784,41.836151,12.54883492040174,28.89446725480348,11.773170003,33.129765125,27.651663196,2.1,CommunityHealth at Resurrection Project,20828.0,2614.0,24.184866107999998,0.17206205284408868,0.23827160493827163,0.365531336182181,0.5693266120561873,0.2703452310611719
Englewood,24322,-87.642502,41.777201,16.267589163460638,5.465414817753982,21.350990865,37.103099434,37.721238026,1.8,Washington Park Children's Free Health Clinic,15080.0,2453.0,32.058442775,0.16065736346249204,0.2012345679012346,0.623364624200196,0.10755747088066371,0.2600619876834728
Burnside,2514,-87.59647,41.728181,11.895584903027222,0.0082081736624786,29.968941892,39.10897549,41.879526504,2.76,Chicago South Side Birth Center,1559.0,185.0,36.98581462866667,0.0,0.3197530864197531,0.7847195636450622,0.0,0.2528698386549384
Rogers Park,55454,-87.670171,42.00963,11.420844584914256,16.137010439363735,9.8117570164,29.22630899,29.621429724,1.47,Hayat Free Community Clinic,34381.0,3927.0,22.886498576799998,0.26507048239710984,0.16049382716049385,0.32301414434124853,0.3178866576202274,0.25056783573726454
Grand Boulevard,24586,-87.61786,41.812947,10.45365873019345,3.0525047406579326,17.372023771,49.777871021,48.599263157,0.9,Norma Jean Sanders Free Clinic,15243.0,1593.0,38.58305264966666,0.0997379046539633,0.09012345679012346,0.8370237638985321,0.060000813733383666,0.24033703305166718
McKinley Park,15927,-87.6725,41.829927,19.174860789526303,28.455699266820645,15.241784994,33.830006527,26.920660519,1.37,CommunityHealth at Resurrection Project,9875.0,1894.0,25.330817346666667,0.12105971523694836,0.14814814814814817,0.4030574044825132,0.5606788224142234,0.22954769367714878
Jefferson Park,26201,-87.771165,41.978836,9.48443952144976,18.936546331622303,15.319060187,27.840770422,29.114070578,2.33,Old Irving Park Community Clinic,16245.0,1541.0,24.091300395666664,0.09605440249344761,0.2666666666666667,0.36246737220787156,0.3730634210907816,0.22822157754803155
North Park,17522,-87.723578,41.983651,9.88380838358696,20.166315869275213,17.796202994,45.934451848,27.881574183,1.45,Mercy To Mankind Clinic,10864.0,1074.0,30.537409675000003,0.06297371962881632,0.1580246913580247,0.5735558801003358,0.39730126104489794,0.22703819738349085
East Garfield Park,19995,-87.705892,41.878923,15.166356997160008,1.8979338514476372,24.721802725,28.288812907,46.106828415,1.33,CommunityHealth (Main),12397.0,1880.0,33.03914801566666,0.12006800311680953,0.1432098765432099,0.6554794390387143,0.037245083028124314,0.22581056032024208
Forest Glen,19579,-87.758358,41.993938,6.277756350247846,9.3819284175075,9.6872780549,42.536637517,23.222620709,3.01,The Ark,12139.0,762.0,25.14884542696667,0.04087270666572218,0.3506172839506173,0.397098433055989,0.1847490314962579,0.21942885761229766
Avondale,36245,-87.711219,41.938673,15.360657976041384,18.20303036282813,3.7292693976,24.270268037,30.338386336,1.49,Strength to Love Foundation,22472.0,3452.0,19.4459745902,0.23142310689239923,0.16296296296296298,0.2103484970137903,0.3586063686829347,0.21938846791690012
South Chicago,27254,-87.551435,41.741243,17.074558869981733,8.892367022319236,15.302368492,33.728516132,42.859149221,0.3,Chicago South Side Birth Center,16897.0,2885.0,30.63001128166667,0.19125876602677622,0.01604938271604938,0.5765882728403069,0.1751001416994478,0.21414598996353146
Logan Square,71742,-87.699149,41.922768,10.74908839898116,11.526731697316055,5.373363048,26.416264855,13.048482956,1.46,Strength to Love Foundation,44480.0,4781.0,14.946036953000002,0.3255649217255791,0.15925925925925927,0.06299059780921372,0.22702150372571386,0.21330401640242358
Woodlawn,25285,-87.594924,41.778877,12.217258716900783,3.3271794357872992,15.742443699,31.220956897,34.884354299,1.78,Washington Park Children's Free Health Clinic,15677.0,1915.0,27.282584965,0.12254728341715662,0.19876543209876546,0.4669712626647966,0.06541444701681787,0.2085842402311334
Avalon Park,9359,-87.586347,41.744197,8.808690878617263,3.316406483206757,10.318307945,39.546465223,44.040597905,1.99,Chicago South Side Birth Center,5803.0,511.0,31.301790357666665,0.02309272508323298,0.22469135802469137,0.598586789564318,0.06520212016004857,0.20288206736956907
Douglas,20292,-87.61868,41.835122,10.080962835665888,7.357792444478918,16.506469604,29.730404591,35.693730837,1.89,Norma Jean Sanders Free Clinic,12581.0,1268.0,27.31020167733333,0.07671601615074024,0.2123456790123457,0.46787561757823676,0.14485482184355203,0.20245071586400235
Edgewater,56308,-87.663419,41.986719,8.162889156598581,12.452153350341298,13.649501703,29.80974067,31.210377675,0.69,Chicago Therapy Collective,34911.0,2850.0,24.88987334933333,0.18877948572642914,0.06419753086419752,0.3886179641274377,0.2452608739730116,0.19702073377261964
Uptown,55120,-87.655899,41.965822,9.368904548144585,13.238442154414985,9.0204215497,39.197358613,25.744233722,0.17,Chicago Women's Health Center,34174.0,3202.0,24.654004628233334,0.21371396188991995,0.0,0.3808940528131928,0.2607580395860295,0.1877401992772095
Oakland,6803,-87.603217,41.823754,11.25510584747654,4.594147671207081,13.98803702,44.753557892,45.244557652,0.87,Norma Jean Sanders Free Clinic,4218.0,475.0,34.66205085466667,0.020542608202875966,0.08641975308641975,0.7086240761979504,0.09038544554688636,0.18490632900135504
Fuller Park,2549,-87.632427,41.809082,20.59814067469829,2.9652019694921727,16.329615475,41.938295395,42.774727617,1.07,Washington Park Children's Free Health Clinic,1580.0,325.0,33.680879495666666,0.009917121201388397,0.11111111111111112,0.6764939975438151,0.05828014125754311,0.17842699544840604
West Town,87942,-87.676358,41.901216,7.643068189142144,7.060237777571213,4.1835008507,23.518420758,18.513276843,0.92,CommunityHealth (Main),54524.0,4167.0,15.405066150566668,0.28207126159949,0.0925925925925926,0.07802226795233046,0.1389902413890109,0.17010976014694096
Washington Park,12709,-87.617936,41.792356,14.39062173443512,4.214621128234417,10.688913762,31.468838969,50.632652993,0.33,Washington Park Children's Free Health Clinic,7880.0,1134.0,30.930135241333335,0.06722391442941135,0.019753086419753086,0.5864163281964158,0.0829052605811186,0.15838928339508548
Near West Side,67817,-87.663513,41.874016,7.6829814374217476,6.008584331792076,5.3588062181,25.934483947,22.150837704,0.92,TAG Oral Care Center,42047.0,3230.0,17.8147092897,0.21569738613019762,0.0925925925925926,0.15693001722424063,0.11826293669854139,0.15726902934455908
Lake View,103048,-87.656001,41.944236,5.272129130078943,3.10653903813848,6.3330133325,19.942353749,23.662534952,0.93,Chi Care,63890.0,3368.0,16.6459673445,0.2254728341715662,0.09382716049382717,0.11865762955086272,0.06106578941725547,0.14817538666867272
Lincoln Square,40412,-87.687513,41.975182,7.74800552017976,12.86833339173334,7.6242876629,23.402393524,25.41121372,1.01,Chicago Therapy Collective,25055.0,1941.0,18.812631635633334,0.12438903449741447,0.1037037037037037,0.1896086346456009,0.25346347204241093,0.14413479904343818
Near South Side,27296,-87.620344,41.857196,5.335995279240082,3.43267678502185,4.5025075497,29.276776933,18.128723566,2.51,TAG Oral Care Center,16924.0,903.0,17.302669349566667,0.05086066444712049,0.28888888888888886,0.1401624226551224,0.06749372104991093,0.14179278908153042
Near North Side,97789,-87.633318,41.899611,5.114031016463764,4.2976805296149605,3.8574535548,22.684348187,12.525588374,1.44,TAG Oral Care Center,60629.0,3101.0,13.022463371933334,0.20655946730891833,0.15679012345679014,0.0,0.0845422994048226,0.13811505390108664
Hyde Park,29459,-87.592305,41.794088,6.875757467220789,9.186438524357856,15.310714339499999,23.330903213,22.387003664,1.27,Norma Jean Sanders Free Clinic,18265.0,1256.0,20.342873738833333,0.07586597719062124,0.1358024691358025,0.2397189427836163,0.18089607157349738,0.13712052733106223
Loop,43440,-87.625194,41.878881,5.8541128883785,4.824200568729701,15.310714339499999,21.253443443,14.588783511,1.46,TAG Oral Care Center,26933.0,1577.0,17.050980431166668,0.09860451937380463,0.15925925925925927,0.1319204528193863,0.09491961649551477,0.12309563774072838
Kenwood,19126,-87.596186,41.808918,7.814731823657704,2.893207793116755,8.4188798204,39.198142373,25.05301611,0.28,Norma Jean Sanders Free Clinic,11858.0,927.0,24.223346101133334,0.052560742367358505,0.013580246913580249,0.3667914271893673,0.056861189762008255,0.10414277543509176
Lincoln Park,70425,-87.649491,41.922696,5.034308254953896,2.8371699461772977,3.415143839,20.215178765,25.050156153,0.64,Chi Care,43664.0,2198.0,16.226826252333336,0.14259403555996317,0.05802469135802469,0.10493216137961425,0.055756725613315725,0.1010071264686471
North Center,35150,-87.683839,41.947811,5.48174025676329,3.0408089593224368,15.310714339499999,25.749241294,18.767149805,0.56,Strength to Love Foundation,21793.0,1195.0,19.9423684795,0.07154494581001629,0.048148148148148155,0.22660373577544393,0.05977029861045329,0.09436019978458508
